id,acquired,cloud_cover,clear_percent,instrument,sun_elevation,sun_azimuth,view_angle,sat_azimuth,thumbnail,tiles_link,date,year,aoi_coverage,aoi_missing_m2,aoi_covered,aoi_clear,glint_angle
20230815_182609_80_24c8,2023-08-15 18:26:09.801073+00:00,0.0,100,PSB.SD,47.7,135.0,3.4,105.1,https://tiles.planet.com/data/v1/item-types/PSScene/items/20230815_182609_80_24c8/thumb,,2023-08-15,2023,1.0,0.0,True,1.0,45.27313077207028
20210824_181728_61_1067,2021-08-24 18:17:28.610209+00:00,0.0,100,PS2.SD,43.7,134.2,3.1,255.5,https://tiles.planet.com/data/v1/item-types/PSScene/items/20210824_181728_61_1067/thumb,,2021-08-24,2021,1.0,0.0,True,1.0,44.750179698039275
20210730_182659_13_2434,2021-07-30 18:26:59.136637+00:00,0.0,100,PSB.SD,51.4,131.6,5.0,103.1,https://tiles.planet.com/data/v1/item-types/PSScene/items/20210730_182659_13_2434/thumb,,2021-07-30,2021,1.0,0.0,True,1.0,43.04975861176627
20230714_182421_54_24b6,2023-07-14 18:24:21.547996+00:00,0.0,100,PSB.SD,53.9,127.9,5.4,102.8,https://tiles.planet.com/data/v1/item-types/PSScene/items/20230714_182421_54_24b6/thumb,,2023-07-14,2023,1.0,0.0,True,1.0,41.04520172490462
20220816_182157_60_2457,2022-08-16 18:21:57.609790+00:00,0.01,98,PSB.SD,46.3,133.0,5.0,278.9,https://tiles.planet.com/data/v1/item-types/PSScene/items/20220816_182157_60_2457/thumb,,2022-08-16,2022,1.0,0.0,True,1.0,39.63918095412888
20220625_182034_44_2440,2022-06-25 18:20:34.440435+00:00,0.0,100,PSB.SD,55.3,126.0,5.0,102.8,https://tiles.planet.com/data/v1/item-types/PSScene/items/20220625_182034_44_2440/thumb,,2022-06-25,2022,1.0,0.0,True,1.0,39.338743973975646
20230719_182055_22_2449,2023-07-19 18:20:55.227898+00:00,0.0,100,PSB.SD,52.4,126.7,1.5,107.3,https://tiles.planet.com/data/v1/item-types/PSScene/items/20230719_182055_22_2449/thumb,,2023-07-19,2023,1.0,0.0,True,1.0,39.01754280299284
20240827_194346_64_2461,2024-08-27 19:43:46.643869+00:00,0.0,100,PSB.SD,49.9,164.5,4.6,279.0,https://tiles.planet.com/data/v1/item-types/PSScene/items/20240827_194346_64_2461/thumb,,2024-08-27,2024,1.0,0.0,True,1.0,38.382814728706364
20210812_191832_32_2406,2021-08-12 19:18:32.325059+00:00,0.0,100,PSB.SD,53.3,152.1,1.0,109.4,https://tiles.planet.com/data/v1/item-types/PSScene/items/20210812_191832_32_2406/thumb,,2021-08-12,2021,1.0,0.0,True,1.0,37.440190917537706
20210812_194340_68_1058,2021-08-12 19:43:40.689537+00:00,0.0,100,PS2.SD,55.0,162.6,3.0,104.2,https://tiles.planet.com/data/v1/item-types/PSScene/items/20210812_194340_68_1058/thumb,,2021-08-12,2021,1.0,0.0,True,1.0,36.649692942572905
20200806_183328_89_2206,2020-08-06 18:33:28.895946+00:00,0.01,99,PSB.SD,49.9,133.8,5.1,279.8,https://tiles.planet.com/data/v1/item-types/PSScene/items/20200806_183328_89_2206/thumb,,2020-08-06,2020,1.0,0.0,True,1.0,35.9662663187135
20220726_185457_24_2490,2022-07-26 18:54:57.246800+00:00,0.0,100,PSB.SD,55.2,139.6,1.0,111.4,https://tiles.planet.com/data/v1/item-types/PSScene/items/20220726_185457_24_2490/thumb,,2022-07-26,2022,1.0,0.0,True,1.0,35.6840368806407
20210626_182926_29_2457,2021-06-26 18:29:26.294082+00:00,0.0,100,PSB.SD,56.1,128.2,0.3,186.2,https://tiles.planet.com/data/v1/item-types/PSScene/items/20210626_182926_29_2457/thumb,,2021-06-26,2021,1.0,0.0,True,1.0,34.05981237520064
20230702_182116_85_242b,2023-07-02 18:21:16.852028+00:00,0.0,100,PSB.SD,54.3,125.0,2.7,277.9,https://tiles.planet.com/data/v1/item-types/PSScene/items/20230702_182116_85_242b/thumb,,2023-07-02,2023,1.0,0.0,True,1.0,33.316139378967236
20220725_185511_20_248e,2022-07-25 18:55:11.206340+00:00,0.0,100,PSB.SD,55.3,139.2,2.1,276.2,https://tiles.planet.com/data/v1/item-types/PSScene/items/20220725_185511_20_248e/thumb,,2022-07-25,2022,1.0,0.0,True,1.0,33.19121107991053
20200730_192942_71_1059,2020-07-30 19:29:42.712659+00:00,0.0,100,PS2.SD,57.1,153.3,3.1,278.0,https://tiles.planet.com/data/v1/item-types/PSScene/items/20200730_192942_71_1059/thumb,,2020-07-30,2020,1.0,0.0,True,1.0,31.227738193755158
20210601_191849_05_2412,2021-06-01 19:18:49.050614+00:00,0.0,100,PSB.SD,61.0,151.2,3.1,104.2,https://tiles.planet.com/data/v1/item-types/PSScene/items/20210601_191849_05_2412/thumb,,2021-06-01,2021,1.0,0.0,True,1.0,31.18949042681581
20230606_182515_18_245c,2023-06-06 18:25:15.188284+00:00,0.0,100,PSB.SD,55.2,128.2,5.1,279.6,https://tiles.planet.com/data/v1/item-types/PSScene/items/20230606_182515_18_245c/thumb,,2023-06-06,2023,1.0,0.0,True,1.0,30.408204044918747
20250630_193824_56_24db,2025-06-30 19:38:24.564594+00:00,0.0,100,PSB.SD,62.8,156.5,2.0,105.9,https://tiles.planet.com/data/v1/item-types/PSScene/items/20250630_193824_56_24db/thumb,,2025-06-30,2025,1.0,0.0,True,1.0,28.508173578545836
20240713_184228_20_2415,2024-07-13 18:42:28.200124+00:00,0.0,100,PSB.SD,56.2,133.8,4.8,114.4,https://tiles.planet.com/data/v1/item-types/PSScene/items/20240713_184228_20_2415/thumb,,2024-07-13,2024,1.0,0.0,True,0.9999557164754103,38.35662761538608
20240712_193845_41_2438,2024-07-12 19:38:45.411029+00:00,0.0,100,PSB.SD,61.2,155.5,4.4,279.5,https://tiles.planet.com/data/v1/item-types/PSScene/items/20240712_193845_41_2438/thumb,,2024-07-12,2024,1.0,0.0,True,0.9999461562847656,26.569613919270378
20250825_193929_84_251f,2025-08-25 19:39:29.847462+00:00,0.0,98,PSB.SD,50.7,163.3,1.6,107.1,https://tiles.planet.com/data/v1/item-types/PSScene/items/20250825_193929_84_251f/thumb,,2025-08-25,2025,1.0,0.0,True,0.9996316620887483,40.208488399452925
20210616_183111_05_2448,2021-06-16 18:31:11.057048+00:00,0.18,78,PSB.SD,56.4,129.2,3.0,278.2,https://tiles.planet.com/data/v1/item-types/PSScene/items/20210616_183111_05_2448/thumb,,2021-06-16,2021,1.0,0.0,True,0.9979858662502271,31.06246718555544
20210616_183140_94_2436,2021-06-16 18:31:40.944499+00:00,0.01,99,PSB.SD,56.3,129.2,2.1,276.6,https://tiles.planet.com/data/v1/item-types/PSScene/items/20210616_183140_94_2436/thumb,,2021-06-16,2021,1.0,0.0,True,0.9977951133897234,31.948534928452933
20240801_192823_14_24ee,2024-08-01 19:28:23.145363+00:00,0.0,95,PSB.SD,56.6,153.4,2.9,278.5,https://tiles.planet.com/data/v1/item-types/PSScene/items/20240801_192823_14_24ee/thumb,,2024-08-01,2024,1.0,0.0,True,0.996072926216523,31.81085206180946
20230617_185923_93_247a,2023-06-17 18:59:23.933539+00:00,0.04,96,PSB.SD,60.0,140.6,5.0,102.9,https://tiles.planet.com/data/v1/item-types/PSScene/items/20230617_185923_93_247a/thumb,,2023-06-17,2023,1.0,0.0,True,0.9901046615399393,34.080603861555275
20250808_194820_59_2539,2025-08-08 19:48:20.590007+00:00,0.26,61,PSB.SD,56.1,162.7,4.0,279.3,https://tiles.planet.com/data/v1/item-types/PSScene/items/20250808_194820_59_2539/thumb,,2025-08-08,2025,1.0,0.0,True,0.9854391081244034,32.28399345134604
20250619_194858_93_254a,2025-06-19 19:48:58.934219+00:00,0.04,87,PSB.SD,63.6,160.9,5.0,279.7,https://tiles.planet.com/data/v1/item-types/PSScene/items/20250619_194858_93_254a/thumb,,2025-06-19,2025,1.0,0.0,True,0.98164145767654,24.359912466214546
20240701_193748_00_2482,2024-07-01 19:37:48.002580+00:00,0.03,95,PSB.SD,62.5,155.2,2.9,278.2,https://tiles.planet.com/data/v1/item-types/PSScene/items/20240701_193748_00_2482/thumb,,2024-07-01,2024,1.0,0.0,True,0.9747324161262378,26.025569846172736
20230618_182410_36_24ab,2023-06-18 18:24:10.366171+00:00,0.24,72,PSB.SD,56.0,127.6,5.3,106.3,https://tiles.planet.com/data/v1/item-types/PSScene/items/20230618_182410_36_24ab/thumb,,2023-06-18,2023,1.0,0.0,True,0.9737333762038738,38.979729226029285
