id,acq_time_utc,date,year,instrument,aoi_clear,glint_angle,cloud_cover,sun_elevation,view_angle,hydrophone_gap_free,hours_to_nearest_outage,ordered_in,order_id,delivered_before_this_order,has_visual,visual_order_id,sr_file,udm2_file,visual_file
20200730_192942_71_1059,2020-07-30T19:29:42.712659Z,2020-07-30,2020,PS2.SD,1.0,31.22773819375516,0.0,57.1,3.1,True,17700.4,folger_202608,0c92a187-2cc2-4822-a2c7-27df2ea4b532,False,True,31141b03-1293-485e-bcd0-9ae92e72ac73,folger_202608/0c92a187-2cc2-4822-a2c7-27df2ea4b532/PSScene/20200730_192942_71_1059_3B_AnalyticMS_SR_clip.tif,folger_202608/0c92a187-2cc2-4822-a2c7-27df2ea4b532/PSScene/20200730_192942_71_1059_3B_udm2_clip.tif,folger_202608_visual/31141b03-1293-485e-bcd0-9ae92e72ac73/PSScene/20200730_192942_71_1059_3B_Visual_clip.tif
20200806_183328_89_2206,2020-08-06T18:33:28.895946Z,2020-08-06,2020,PSB.SD,1.0,35.9662663187135,0.01,49.9,5.1,True,17533.4,folger_202608,0c92a187-2cc2-4822-a2c7-27df2ea4b532,False,False,,folger_202608/0c92a187-2cc2-4822-a2c7-27df2ea4b532/PSScene/20200806_183328_89_2206_3B_AnalyticMS_SR_clip.tif,folger_202608/0c92a187-2cc2-4822-a2c7-27df2ea4b532/PSScene/20200806_183328_89_2206_3B_udm2_clip.tif,
20210601_191849_05_2412,2021-06-01T19:18:49.050614Z,2021-06-01,2021,PSB.SD,1.0,31.18949042681581,0.0,61.0,3.1,True,10356.6,folger_202608,0c92a187-2cc2-4822-a2c7-27df2ea4b532,False,False,,folger_202608/0c92a187-2cc2-4822-a2c7-27df2ea4b532/PSScene/20210601_191849_05_2412_3B_AnalyticMS_SR_clip.tif,folger_202608/0c92a187-2cc2-4822-a2c7-27df2ea4b532/PSScene/20210601_191849_05_2412_3B_udm2_clip.tif,
20210616_183111_05_2448,2021-06-16T18:31:11.057048Z,2021-06-16,2021,PSB.SD,0.9979858662502272,31.06246718555544,0.18,56.4,3.0,True,9997.4,folger_202608,0c92a187-2cc2-4822-a2c7-27df2ea4b532,False,False,,folger_202608/0c92a187-2cc2-4822-a2c7-27df2ea4b532/PSScene/20210616_183111_05_2448_3B_AnalyticMS_SR_clip.tif,folger_202608/0c92a187-2cc2-4822-a2c7-27df2ea4b532/PSScene/20210616_183111_05_2448_3B_udm2_clip.tif,
20210626_182926_29_2457,2021-06-26T18:29:26.294082Z,2021-06-26,2021,PSB.SD,1.0,34.05981237520064,0.0,56.1,0.3,True,9757.4,folger_202608,0c92a187-2cc2-4822-a2c7-27df2ea4b532,False,False,,folger_202608/0c92a187-2cc2-4822-a2c7-27df2ea4b532/PSScene/20210626_182926_29_2457_3B_AnalyticMS_SR_clip.tif,folger_202608/0c92a187-2cc2-4822-a2c7-27df2ea4b532/PSScene/20210626_182926_29_2457_3B_udm2_clip.tif,
20210730_182659_13_2434,2021-07-30T18:26:59.136637Z,2021-07-30,2021,PSB.SD,1.0,43.04975861176627,0.0,51.4,5.0,True,8941.5,folger_202608,0c92a187-2cc2-4822-a2c7-27df2ea4b532,False,False,,folger_202608/0c92a187-2cc2-4822-a2c7-27df2ea4b532/PSScene/20210730_182659_13_2434_3B_AnalyticMS_SR_clip.tif,folger_202608/0c92a187-2cc2-4822-a2c7-27df2ea4b532/PSScene/20210730_182659_13_2434_3B_udm2_clip.tif,
20210812_191832_32_2406,2021-08-12T19:18:32.325059Z,2021-08-12,2021,PSB.SD,1.0,37.440190917537706,0.0,53.3,1.0,True,8628.6,folger_202608,0c92a187-2cc2-4822-a2c7-27df2ea4b532,False,False,,folger_202608/0c92a187-2cc2-4822-a2c7-27df2ea4b532/PSScene/20210812_191832_32_2406_3B_AnalyticMS_SR_clip.tif,folger_202608/0c92a187-2cc2-4822-a2c7-27df2ea4b532/PSScene/20210812_191832_32_2406_3B_udm2_clip.tif,
20210812_194340_68_1058,2021-08-12T19:43:40.689537Z,2021-08-12,2021,PS2.SD,1.0,36.649692942572905,0.0,55.0,3.0,True,8628.2,folger_202608,0c92a187-2cc2-4822-a2c7-27df2ea4b532,False,False,,folger_202608/0c92a187-2cc2-4822-a2c7-27df2ea4b532/PSScene/20210812_194340_68_1058_3B_AnalyticMS_SR_clip.tif,folger_202608/0c92a187-2cc2-4822-a2c7-27df2ea4b532/PSScene/20210812_194340_68_1058_3B_udm2_clip.tif,
20210824_181728_61_1067,2021-08-24T18:17:28.610209Z,2021-08-24,2021,PS2.SD,1.0,44.75017969803928,0.0,43.7,3.1,True,8341.6,folger_202608,0c92a187-2cc2-4822-a2c7-27df2ea4b532,False,False,,folger_202608/0c92a187-2cc2-4822-a2c7-27df2ea4b532/PSScene/20210824_181728_61_1067_3B_AnalyticMS_SR_clip.tif,folger_202608/0c92a187-2cc2-4822-a2c7-27df2ea4b532/PSScene/20210824_181728_61_1067_3B_udm2_clip.tif,
20220625_182034_44_2440,2022-06-25T18:20:34.440435Z,2022-06-25,2022,PSB.SD,1.0,39.338743973975646,0.0,55.3,5.0,True,1021.6,folger_202608,0c92a187-2cc2-4822-a2c7-27df2ea4b532,False,False,,folger_202608/0c92a187-2cc2-4822-a2c7-27df2ea4b532/PSScene/20220625_182034_44_2440_3B_AnalyticMS_SR_clip.tif,folger_202608/0c92a187-2cc2-4822-a2c7-27df2ea4b532/PSScene/20220625_182034_44_2440_3B_udm2_clip.tif,
20220725_185511_20_248e,2022-07-25T18:55:11.206340Z,2022-07-25,2022,PSB.SD,1.0,33.19121107991053,0.0,55.3,2.1,True,301.0,folger_202608,0c92a187-2cc2-4822-a2c7-27df2ea4b532,False,False,,folger_202608/0c92a187-2cc2-4822-a2c7-27df2ea4b532/PSScene/20220725_185511_20_248e_3B_AnalyticMS_SR_clip.tif,folger_202608/0c92a187-2cc2-4822-a2c7-27df2ea4b532/PSScene/20220725_185511_20_248e_3B_udm2_clip.tif,
20220726_185457_24_2490,2022-07-26T18:54:57.246800Z,2022-07-26,2022,PSB.SD,1.0,35.6840368806407,0.0,55.2,1.0,True,277.0,folger_202608,0c92a187-2cc2-4822-a2c7-27df2ea4b532,False,False,,folger_202608/0c92a187-2cc2-4822-a2c7-27df2ea4b532/PSScene/20220726_185457_24_2490_3B_AnalyticMS_SR_clip.tif,folger_202608/0c92a187-2cc2-4822-a2c7-27df2ea4b532/PSScene/20220726_185457_24_2490_3B_udm2_clip.tif,
20220816_182157_60_2457,2022-08-16T18:21:57.609790Z,2022-08-16,2022,PSB.SD,1.0,39.63918095412888,0.01,46.3,5.0,True,146.2,folger_202608,0c92a187-2cc2-4822-a2c7-27df2ea4b532,False,False,,folger_202608/0c92a187-2cc2-4822-a2c7-27df2ea4b532/PSScene/20220816_182157_60_2457_3B_AnalyticMS_SR_clip.tif,folger_202608/0c92a187-2cc2-4822-a2c7-27df2ea4b532/PSScene/20220816_182157_60_2457_3B_udm2_clip.tif,
20230606_182515_18_245c,2023-06-06T18:25:15.188284Z,2023-06-06,2023,PSB.SD,1.0,30.408204044918747,0.0,55.2,5.1,True,1972.5,folger_202608,0c92a187-2cc2-4822-a2c7-27df2ea4b532,False,False,,folger_202608/0c92a187-2cc2-4822-a2c7-27df2ea4b532/PSScene/20230606_182515_18_245c_3B_AnalyticMS_SR_clip.tif,folger_202608/0c92a187-2cc2-4822-a2c7-27df2ea4b532/PSScene/20230606_182515_18_245c_3B_udm2_clip.tif,
20230617_185923_93_247a,2023-06-17T18:59:23.933539Z,2023-06-17,2023,PSB.SD,0.9901046615399391,34.080603861555275,0.04,60.0,5.0,True,1707.9,folger_202608,0c92a187-2cc2-4822-a2c7-27df2ea4b532,False,False,,folger_202608/0c92a187-2cc2-4822-a2c7-27df2ea4b532/PSScene/20230617_185923_93_247a_3B_AnalyticMS_SR_clip.tif,folger_202608/0c92a187-2cc2-4822-a2c7-27df2ea4b532/PSScene/20230617_185923_93_247a_3B_udm2_clip.tif,
20230702_182116_85_242b,2023-07-02T18:21:16.852028Z,2023-07-02,2023,PSB.SD,1.0,33.31613937896724,0.0,54.3,2.7,True,1348.6,folger_202608,0c92a187-2cc2-4822-a2c7-27df2ea4b532,False,False,,folger_202608/0c92a187-2cc2-4822-a2c7-27df2ea4b532/PSScene/20230702_182116_85_242b_3B_AnalyticMS_SR_clip.tif,folger_202608/0c92a187-2cc2-4822-a2c7-27df2ea4b532/PSScene/20230702_182116_85_242b_3B_udm2_clip.tif,
20230714_182421_54_24b6,2023-07-14T18:24:21.547996Z,2023-07-14,2023,PSB.SD,1.0,41.04520172490462,0.0,53.9,5.4,True,1060.5,folger_202608,0c92a187-2cc2-4822-a2c7-27df2ea4b532,False,False,,folger_202608/0c92a187-2cc2-4822-a2c7-27df2ea4b532/PSScene/20230714_182421_54_24b6_3B_AnalyticMS_SR_clip.tif,folger_202608/0c92a187-2cc2-4822-a2c7-27df2ea4b532/PSScene/20230714_182421_54_24b6_3B_udm2_clip.tif,
20230719_182055_22_2449,2023-07-19T18:20:55.227898Z,2023-07-19,2023,PSB.SD,1.0,39.01754280299284,0.0,52.4,1.5,True,940.6,folger_202608,0c92a187-2cc2-4822-a2c7-27df2ea4b532,False,False,,folger_202608/0c92a187-2cc2-4822-a2c7-27df2ea4b532/PSScene/20230719_182055_22_2449_3B_AnalyticMS_SR_clip.tif,folger_202608/0c92a187-2cc2-4822-a2c7-27df2ea4b532/PSScene/20230719_182055_22_2449_3B_udm2_clip.tif,
20230815_182609_80_24c8,2023-08-15T18:26:09.801073Z,2023-08-15,2023,PSB.SD,1.0,45.27313077207028,0.0,47.7,3.4,True,292.5,folger_probe,f26277af-4084-48ab-ab0d-3626ab9d7732,True,False,,folger_probe_20230815_182609_80_24c8/f26277af-4084-48ab-ab0d-3626ab9d7732/PSScene/20230815_182609_80_24c8_3B_AnalyticMS_SR_clip.tif,folger_probe_20230815_182609_80_24c8/f26277af-4084-48ab-ab0d-3626ab9d7732/PSScene/20230815_182609_80_24c8_3B_udm2_clip.tif,
20240712_193845_41_2438,2024-07-12T19:38:45.411029Z,2024-07-12,2024,PSB.SD,0.9999461562847656,26.569613919270378,0.0,61.2,4.4,True,6961.5,folger_202608,0c92a187-2cc2-4822-a2c7-27df2ea4b532,False,False,,folger_202608/0c92a187-2cc2-4822-a2c7-27df2ea4b532/PSScene/20240712_193845_41_2438_3B_AnalyticMS_SR_clip.tif,folger_202608/0c92a187-2cc2-4822-a2c7-27df2ea4b532/PSScene/20240712_193845_41_2438_3B_udm2_clip.tif,
20240713_184228_20_2415,2024-07-13T18:42:28.200124Z,2024-07-13,2024,PSB.SD,0.9999557164754104,38.35662761538608,0.0,56.2,4.8,True,6984.5,folger_202608,0c92a187-2cc2-4822-a2c7-27df2ea4b532,False,False,,folger_202608/0c92a187-2cc2-4822-a2c7-27df2ea4b532/PSScene/20240713_184228_20_2415_3B_AnalyticMS_SR_clip.tif,folger_202608/0c92a187-2cc2-4822-a2c7-27df2ea4b532/PSScene/20240713_184228_20_2415_3B_udm2_clip.tif,
20240801_192823_14_24ee,2024-08-01T19:28:23.145363Z,2024-08-01,2024,PSB.SD,0.996072926216523,31.81085206180946,0.0,56.6,2.9,True,7441.3,folger_202608,0c92a187-2cc2-4822-a2c7-27df2ea4b532,False,False,,folger_202608/0c92a187-2cc2-4822-a2c7-27df2ea4b532/PSScene/20240801_192823_14_24ee_3B_AnalyticMS_SR_clip.tif,folger_202608/0c92a187-2cc2-4822-a2c7-27df2ea4b532/PSScene/20240801_192823_14_24ee_3B_udm2_clip.tif,
20240827_194346_64_2461,2024-08-27T19:43:46.643869Z,2024-08-27,2024,PSB.SD,1.0,38.38281472870637,0.0,49.9,4.6,True,8065.6,folger_202608,0c92a187-2cc2-4822-a2c7-27df2ea4b532,False,False,,folger_202608/0c92a187-2cc2-4822-a2c7-27df2ea4b532/PSScene/20240827_194346_64_2461_3B_AnalyticMS_SR_clip.tif,folger_202608/0c92a187-2cc2-4822-a2c7-27df2ea4b532/PSScene/20240827_194346_64_2461_3B_udm2_clip.tif,
20250630_193824_56_24db,2025-06-30T19:38:24.564594Z,2025-06-30,2025,PSB.SD,1.0,28.50817357854584,0.0,62.8,2.0,True,15433.5,folger_202608,0c92a187-2cc2-4822-a2c7-27df2ea4b532,False,True,31141b03-1293-485e-bcd0-9ae92e72ac73,folger_202608/0c92a187-2cc2-4822-a2c7-27df2ea4b532/PSScene/20250630_193824_56_24db_3B_AnalyticMS_SR_clip.tif,folger_202608/0c92a187-2cc2-4822-a2c7-27df2ea4b532/PSScene/20250630_193824_56_24db_3B_udm2_clip.tif,folger_202608_visual/31141b03-1293-485e-bcd0-9ae92e72ac73/PSScene/20250630_193824_56_24db_3B_Visual_clip.tif
20250808_194820_59_2539,2025-08-08T19:48:20.590007Z,2025-08-08,2025,PSB.SD,0.9854391081244034,32.28399345134604,0.26,56.1,4.0,True,16369.6,folger_202608,0c92a187-2cc2-4822-a2c7-27df2ea4b532,False,False,,folger_202608/0c92a187-2cc2-4822-a2c7-27df2ea4b532/PSScene/20250808_194820_59_2539_3B_AnalyticMS_SR_clip.tif,folger_202608/0c92a187-2cc2-4822-a2c7-27df2ea4b532/PSScene/20250808_194820_59_2539_3B_udm2_clip.tif,
20250825_193929_84_251f,2025-08-25T19:39:29.847462Z,2025-08-25,2025,PSB.SD,0.9996316620887484,40.208488399452925,0.0,50.7,1.6,True,16777.5,folger_202608,0c92a187-2cc2-4822-a2c7-27df2ea4b532,False,False,,folger_202608/0c92a187-2cc2-4822-a2c7-27df2ea4b532/PSScene/20250825_193929_84_251f_3B_AnalyticMS_SR_clip.tif,folger_202608/0c92a187-2cc2-4822-a2c7-27df2ea4b532/PSScene/20250825_193929_84_251f_3B_udm2_clip.tif,
