scene_id,acq_time_utc,lon,lat,bbox_w_m,bbox_h_m,length_class_m,confidence,aspect_ratio,wake_flag,range_km,detector,nir_snr,size_class,fill,width_m,n_px,n_years_at_cell,transient
20240801_192823_14_24ee,2024-08-01T19:28:23.145363Z,-125.259904,48.824948,9.0,9.0,9.0,1.0,1.0,0,1.802,B,90.12,0-12m,0.8889,9.0,8,1,1
20240713_184228_20_2415,2024-07-13T18:42:28.200124Z,-125.262676,48.854231,60.9,115.1,115.1,1.0,1.89,0,4.597,B,71.11,>24m,0.6435,60.9,501,1,1
20210616_183111_05_2448,2021-06-16T18:31:11.057048Z,-125.331165,48.859047,30.0,81.0,81.0,0.9999,2.7,1,6.32,B,52.34,>24m,0.5333,30.0,144,1,1
20210626_182926_29_2457,2021-06-26T18:29:26.294082Z,-125.222799,48.818449,58.0,95.6,95.6,0.9999,1.65,0,4.102,B,51.81,>24m,0.6136,58.0,378,1,1
20230815_182609_80_24c8,2023-08-15T18:26:09.801073Z,-125.311501,48.836093,32.3,76.7,76.7,0.9999,2.38,0,3.447,B,51.76,>24m,0.6437,32.3,177,1,1
20240713_184228_20_2415,2024-07-13T18:42:28.200124Z,-125.237066,48.828552,28.7,64.7,64.7,0.9999,2.25,0,3.421,B,50.2,>24m,0.6824,28.7,141,1,1
20230815_182609_80_24c8,2023-08-15T18:26:09.801073Z,-125.241712,48.836795,35.7,62.7,62.7,0.9999,1.75,0,3.677,B,48.56,>24m,0.5829,35.7,145,1,1
20230815_182609_80_24c8,2023-08-15T18:26:09.801073Z,-125.31501,48.836688,46.7,96.2,96.2,0.9999,2.06,0,3.678,B,48.34,>24m,0.6529,46.7,326,1,1
20230815_182609_80_24c8,2023-08-15T18:26:09.801073Z,-125.32939,48.835244,33.0,90.0,90.0,0.9999,2.73,1,4.423,B,47.93,>24m,0.6636,33.0,219,1,1
20210812_191832_32_2406,2021-08-12T19:18:32.325059Z,-125.328249,48.85412,41.9,88.4,88.4,0.9998,2.11,0,5.759,B,47.37,>24m,0.5542,41.9,228,1,1
20210730_182659_13_2434,2021-07-30T18:26:59.136637Z,-125.224372,48.788635,49.7,136.8,136.8,0.9998,2.75,1,4.875,B,46.2,>24m,0.5998,49.7,453,1,1
20220816_182157_60_2457,2022-08-16T18:21:57.609790Z,-125.247128,48.780477,36.4,87.9,87.9,0.9997,2.42,0,4.393,B,44.9,>24m,0.656,36.4,233,1,1
20230815_182609_80_24c8,2023-08-15T18:26:09.801073Z,-125.250305,48.847646,35.8,111.7,111.7,0.9997,3.12,1,4.249,B,44.34,>24m,0.5823,35.8,259,1,1
20240713_184228_20_2415,2024-07-13T18:42:28.200124Z,-125.246312,48.798353,24.2,41.2,41.2,0.9995,1.71,0,2.936,B,41.96,>24m,0.5776,24.2,64,1,1
20230815_182609_80_24c8,2023-08-15T18:26:09.801073Z,-125.324637,48.851706,21.8,27.1,27.1,0.9994,1.25,0,5.383,B,40.69,>24m,0.6848,21.8,45,1,1
20230815_182609_80_24c8,2023-08-15T18:26:09.801073Z,-125.286407,48.8372,26.8,90.6,90.6,0.9992,3.38,1,2.626,B,39.39,>24m,0.501,26.8,135,1,1
20200730_192942_71_1059,2020-07-30T19:29:42.712659Z,-125.213523,48.782094,71.6,121.5,121.5,0.9992,1.7,0,5.948,B,38.91,>24m,0.7205,71.6,696,1,1
20230815_182609_80_24c8,2023-08-15T18:26:09.801073Z,-125.252409,48.840893,35.1,78.0,78.0,0.999,2.22,0,3.524,B,38.0,>24m,0.6421,35.1,195,1,1
20230815_182609_80_24c8,2023-08-15T18:26:09.801073Z,-125.324031,48.849679,36.0,81.0,81.0,0.999,2.25,0,5.182,B,37.95,>24m,0.7037,36.0,228,1,1
20210812_194340_68_1058,2021-08-12T19:43:40.689537Z,-125.317998,48.83437,37.7,75.4,75.4,0.999,2.0,0,3.679,B,37.93,>24m,0.5763,37.7,182,1,1
20210812_194340_68_1058,2021-08-12T19:43:40.689537Z,-125.23846,48.825335,33.1,120.0,120.0,0.9987,3.62,1,3.175,B,36.83,>24m,0.5753,33.1,254,1,1
20210812_191832_32_2406,2021-08-12T19:18:32.325059Z,-125.236445,48.817745,42.0,129.0,129.0,0.9987,3.07,1,3.097,B,36.73,>24m,0.5731,42.0,345,1,1
20210626_182926_29_2457,2021-06-26T18:29:26.294082Z,-125.233926,48.82926,33.9,99.6,99.6,0.9982,2.94,1,3.662,B,35.16,>24m,0.5952,33.9,223,1,1
20210812_191832_32_2406,2021-08-12T19:18:32.325059Z,-125.218567,48.81599,25.8,45.0,45.0,0.9982,1.74,0,4.39,B,34.97,>24m,0.5736,25.8,74,1,1
20210730_182659_13_2434,2021-07-30T18:26:59.136637Z,-125.217052,48.845229,26.2,30.8,30.8,0.9976,1.18,0,5.667,B,33.72,>24m,0.6484,26.2,58,1,1
20210812_191832_32_2406,2021-08-12T19:18:32.325059Z,-125.237635,48.828186,39.8,109.8,109.8,0.9976,2.76,1,3.365,B,33.72,>24m,0.5743,39.8,279,1,1
20230719_182055_22_2449,2023-07-19T18:20:55.227898Z,-125.225734,48.854674,24.0,24.0,24.0,0.9976,1.0,0,5.928,B,33.54,>24m,0.7031,24.0,45,1,1
20210626_182926_29_2457,2021-06-26T18:29:26.294082Z,-125.225328,48.787321,64.5,66.6,66.6,0.9973,1.03,0,4.906,B,33.09,>24m,0.5715,64.5,273,1,1
20240827_194346_64_2461,2024-08-27T19:43:46.643869Z,-125.316539,48.81652,18.0,21.0,21.0,0.9973,1.17,0,2.822,B,32.95,12-24m,0.7143,18.0,30,1,1
20210812_191832_32_2406,2021-08-12T19:18:32.325059Z,-125.268684,48.84668,29.9,94.6,94.6,0.9971,3.16,1,3.68,B,32.63,>24m,0.687,29.9,216,1,1
20210812_191832_32_2406,2021-08-12T19:18:32.325059Z,-125.337101,48.841092,12.0,15.0,15.0,0.9967,1.25,0,5.253,B,32.06,12-24m,0.75,12.0,15,1,1
20210812_191832_32_2406,2021-08-12T19:18:32.325059Z,-125.239123,48.842867,41.1,61.5,61.5,0.9965,1.5,0,4.293,B,31.75,>24m,0.6914,41.1,194,1,1
20210812_194340_68_1058,2021-08-12T19:43:40.689537Z,-125.310252,48.845639,25.3,94.0,94.0,0.9965,3.72,1,4.211,B,31.67,>24m,0.651,25.3,172,1,1
20220725_185511_20_248e,2022-07-25T18:55:11.206340Z,-125.225545,48.785299,24.0,30.0,30.0,0.9961,1.25,0,5.034,B,31.18,>24m,0.75,24.0,60,1,1
20210626_182926_29_2457,2021-06-26T18:29:26.294082Z,-125.21636,48.853343,27.0,72.0,72.0,0.9955,2.67,1,6.294,B,30.44,>24m,0.6898,27.0,149,1,1
20220725_185511_20_248e,2022-07-25T18:55:11.206340Z,-125.321137,48.851076,23.9,26.7,26.7,0.9951,1.12,0,5.169,B,30.05,>24m,0.7197,23.9,51,1,1
20240713_184228_20_2415,2024-07-13T18:42:28.200124Z,-125.253336,48.832948,33.0,78.7,78.7,0.9948,2.39,0,2.775,B,29.73,>24m,0.538,33.0,155,1,1
20220726_185457_24_2490,2022-07-26T18:54:57.246800Z,-125.263444,48.83275,29.6,57.7,57.7,0.9945,1.95,0,2.333,B,29.47,>24m,0.6417,29.6,122,1,1
20220816_182157_60_2457,2022-08-16T18:21:57.609790Z,-125.303335,48.855399,24.8,70.4,70.4,0.9945,2.83,1,4.937,B,29.42,>24m,0.67,24.8,130,1,1
20230815_182609_80_24c8,2023-08-15T18:26:09.801073Z,-125.322405,48.846191,15.0,15.0,15.0,0.9942,1.0,0,4.812,B,29.18,12-24m,0.76,15.0,19,1,1
20230815_182609_80_24c8,2023-08-15T18:26:09.801073Z,-125.323687,48.848568,20.5,21.3,21.3,0.9941,1.04,0,5.072,B,29.09,12-24m,0.6603,20.5,32,1,1
20210812_191832_32_2406,2021-08-12T19:18:32.325059Z,-125.227581,48.822361,43.8,72.7,72.7,0.9938,1.66,0,3.832,B,28.9,>24m,0.537,43.8,190,1,1
20210812_191832_32_2406,2021-08-12T19:18:32.325059Z,-125.306793,48.857271,32.4,98.6,98.6,0.9937,3.05,1,5.227,B,28.8,>24m,0.434,32.4,154,1,1
20240713_184228_20_2415,2024-07-13T18:42:28.200124Z,-125.229184,48.828587,69.2,132.8,132.8,0.9935,1.92,0,3.944,B,28.62,>24m,0.5477,69.2,559,1,1
20230815_182609_80_24c8,2023-08-15T18:26:09.801073Z,-125.326896,48.853268,18.0,18.0,18.0,0.9935,1.0,0,5.623,B,28.6,12-24m,0.8333,18.0,30,1,1
20210812_194340_68_1058,2021-08-12T19:43:40.689537Z,-125.223215,48.829154,60.9,114.1,114.1,0.9932,1.87,0,4.372,B,28.44,>24m,0.4032,60.9,311,1,1
20210812_194340_68_1058,2021-08-12T19:43:40.689537Z,-125.344036,48.852327,63.5,90.8,90.8,0.9928,1.43,0,6.425,B,28.11,>24m,0.7271,63.5,466,1,1
20230815_182609_80_24c8,2023-08-15T18:26:09.801073Z,-125.218443,48.780912,34.3,50.4,50.4,0.9928,1.47,0,5.747,B,28.1,>24m,0.619,34.3,119,1,1
20210812_191832_32_2406,2021-08-12T19:18:32.325059Z,-125.335646,48.853126,43.6,97.9,97.9,0.9926,2.25,0,6.04,B,27.97,>24m,0.4813,43.6,228,1,1
20220726_185457_24_2490,2022-07-26T18:54:57.246800Z,-125.22717,48.833897,23.1,31.2,31.2,0.9924,1.35,0,4.345,B,27.82,>24m,0.6866,23.1,55,1,1
20210812_194340_68_1058,2021-08-12T19:43:40.689537Z,-125.247281,48.848044,27.2,103.4,103.4,0.9922,3.8,1,4.398,B,27.71,>24m,0.6626,27.2,207,1,1
20230815_182609_80_24c8,2023-08-15T18:26:09.801073Z,-125.233307,48.820804,92.8,96.3,96.3,0.9922,1.04,0,3.383,B,27.7,>24m,0.5028,92.8,499,1,1
20210824_181728_61_1067,2021-08-24T18:17:28.610209Z,-125.31473,48.780612,17.1,33.6,33.6,0.9917,1.96,0,4.596,B,27.37,>24m,0.7042,17.1,45,1,1
20210812_191832_32_2406,2021-08-12T19:18:32.325059Z,-125.310248,48.857205,12.5,14.4,14.4,0.9915,1.15,0,5.327,B,27.29,12-24m,0.7015,12.5,14,1,1
20210626_182926_29_2457,2021-06-26T18:29:26.294082Z,-125.230977,48.821124,46.7,111.4,111.4,0.9914,2.39,0,3.558,B,27.23,>24m,0.4949,46.7,286,1,1
20240713_184228_20_2415,2024-07-13T18:42:28.200124Z,-125.307606,48.857587,15.5,17.1,17.1,0.9913,1.11,0,5.283,B,27.17,12-24m,0.746,15.5,22,1,1
20240801_192823_14_24ee,2024-08-01T19:28:23.145363Z,-125.328765,48.845457,30.0,75.0,75.0,0.9911,2.5,1,5.082,B,27.05,>24m,0.656,30.0,164,1,1
20210812_191832_32_2406,2021-08-12T19:18:32.325059Z,-125.239598,48.827369,33.4,73.8,73.8,0.9911,2.21,0,3.196,B,27.03,>24m,0.6127,33.4,168,1,1
20210616_183111_05_2448,2021-06-16T18:31:11.057048Z,-125.219944,48.83448,22.1,27.1,27.1,0.991,1.23,0,4.841,B,26.98,>24m,0.6444,22.1,43,1,1
20220726_185457_24_2490,2022-07-26T18:54:57.246800Z,-125.226219,48.77217,33.9,106.3,106.3,0.9905,3.14,1,6.039,B,26.73,>24m,0.5976,33.9,239,1,1
20220726_185457_24_2490,2022-07-26T18:54:57.246800Z,-125.26002,48.831983,27.0,75.0,75.0,0.9902,2.78,1,2.389,B,26.56,>24m,0.7022,27.0,158,1,1
20230815_182609_80_24c8,2023-08-15T18:26:09.801073Z,-125.323289,48.847242,16.4,19.1,19.1,0.9898,1.16,0,4.942,B,26.35,12-24m,0.6028,16.4,21,1,1
20210812_194340_68_1058,2021-08-12T19:43:40.689537Z,-125.250911,48.82457,30.9,93.7,93.7,0.9897,3.03,1,2.317,B,26.33,>24m,0.5836,30.9,188,1,1
20210626_182926_29_2457,2021-06-26T18:29:26.294082Z,-125.21294,48.799647,52.9,134.7,134.7,0.9895,2.55,1,5.065,B,26.22,>24m,0.4681,52.9,371,1,1
20210601_191849_05_2412,2021-06-01T19:18:49.050614Z,-125.234714,48.827255,58.1,110.9,110.9,0.988,1.91,0,3.513,B,25.53,>24m,0.4283,58.1,307,1,1
20210812_194340_68_1058,2021-08-12T19:43:40.689537Z,-125.318687,48.834326,27.1,79.5,79.5,0.9876,2.93,1,3.717,B,25.39,>24m,0.5881,27.1,141,1,1
20220726_185457_24_2490,2022-07-26T18:54:57.246800Z,-125.264276,48.833143,30.5,80.8,80.8,0.9869,2.65,1,2.344,B,25.12,>24m,0.628,30.5,172,1,1
20210812_194340_68_1058,2021-08-12T19:43:40.689537Z,-125.223376,48.842761,19.2,55.8,55.8,0.9867,2.91,1,5.132,B,25.04,>24m,0.672,19.2,80,1,1
20200730_192942_71_1059,2020-07-30T19:29:42.712659Z,-125.310655,48.854873,13.7,17.8,17.8,0.9865,1.29,0,5.11,B,24.96,12-24m,0.6643,13.7,18,1,1
20240827_194346_64_2461,2024-08-27T19:43:46.643869Z,-125.331595,48.785683,15.0,15.0,15.0,0.9862,1.0,0,5.04,B,24.86,12-24m,0.76,15.0,19,1,1
20210626_182926_29_2457,2021-06-26T18:29:26.294082Z,-125.230403,48.833445,24.2,82.2,82.2,0.986,3.4,1,4.116,B,24.79,>24m,0.6242,24.2,138,1,1
20220725_185511_20_248e,2022-07-25T18:55:11.206340Z,-125.311825,48.777529,28.5,35.2,35.2,0.9858,1.24,0,4.765,B,24.69,>24m,0.6461,28.5,72,1,1
20220725_185511_20_248e,2022-07-25T18:55:11.206340Z,-125.277297,48.85254,17.8,21.8,21.8,0.9857,1.23,0,4.264,B,24.66,12-24m,0.7678,17.8,33,1,1
20220725_185511_20_248e,2022-07-25T18:55:11.206340Z,-125.255521,48.827094,43.6,53.8,53.8,0.9849,1.23,0,2.202,B,24.39,>24m,0.6364,43.6,166,1,1
20210824_181728_61_1067,2021-08-24T18:17:28.610209Z,-125.223864,48.823992,19.7,21.9,21.9,0.9848,1.11,0,4.142,B,24.37,12-24m,0.7075,19.7,34,1,1
20200806_183328_89_2206,2020-08-06T18:33:28.895946Z,-125.240997,48.848642,33.0,120.0,120.0,0.9846,3.64,1,4.708,B,24.28,>24m,0.6409,33.0,282,1,1
20210812_194340_68_1058,2021-08-12T19:43:40.689537Z,-125.341236,48.841151,12.0,18.0,18.0,0.9846,1.5,0,5.509,B,24.28,12-24m,0.75,12.0,18,1,1
20230815_182609_80_24c8,2023-08-15T18:26:09.801073Z,-125.322907,48.846845,12.0,18.0,18.0,0.9844,1.5,0,4.89,B,24.24,12-24m,0.7083,12.0,17,1,1
20210812_191832_32_2406,2021-08-12T19:18:32.325059Z,-125.22256,48.83209,11.5,13.6,13.6,0.9841,1.18,0,4.549,B,24.13,12-24m,0.6911,11.5,12,1,1
20230815_182609_80_24c8,2023-08-15T18:26:09.801073Z,-125.320105,48.850928,12.0,15.0,15.0,0.9836,1.25,0,5.11,B,23.97,12-24m,0.9,12.0,18,1,1
20230815_182609_80_24c8,2023-08-15T18:26:09.801073Z,-125.312793,48.850699,27.0,54.0,54.0,0.9836,2.0,0,4.785,B,23.97,>24m,0.716,27.0,116,1,1
20220725_185511_20_248e,2022-07-25T18:55:11.206340Z,-125.227558,48.828135,12.0,12.0,12.0,0.9835,1.0,0,4.034,B,23.94,12-24m,0.8125,12.0,13,1,1
20230606_182515_18_245c,2023-06-06T18:25:15.188284Z,-125.33029,48.846358,25.6,91.0,91.0,0.9834,3.56,1,5.232,B,23.91,>24m,0.6615,25.6,171,1,1
20210616_183111_05_2448,2021-06-16T18:31:11.057048Z,-125.317146,48.850789,22.6,29.2,29.2,0.9833,1.29,0,4.97,B,23.88,>24m,0.6671,22.6,49,1,1
20230815_182609_80_24c8,2023-08-15T18:26:09.801073Z,-125.238276,48.851354,47.0,117.9,117.9,0.9833,2.51,1,5.069,B,23.88,>24m,0.4939,47.0,304,1,1
20210626_182926_29_2457,2021-06-26T18:29:26.294082Z,-125.225579,48.794658,13.9,21.9,21.9,0.9832,1.58,0,4.439,B,23.86,12-24m,0.6197,13.9,21,1,1
20240713_184228_20_2415,2024-07-13T18:42:28.200124Z,-125.314118,48.852795,12.0,15.0,15.0,0.9829,1.25,0,5.034,B,23.75,12-24m,0.8,12.0,16,1,1
20210626_182926_29_2457,2021-06-26T18:29:26.294082Z,-125.255924,48.83013,24.5,91.7,91.7,0.9819,3.75,1,2.415,B,23.48,>24m,0.521,24.5,130,1,1
20210812_191832_32_2406,2021-08-12T19:18:32.325059Z,-125.321917,48.852073,33.4,96.0,96.0,0.9812,2.88,1,5.292,B,23.3,>24m,0.5032,33.4,179,1,1
20210626_182926_29_2457,2021-06-26T18:29:26.294082Z,-125.31459,48.828378,15.0,21.0,21.0,0.9808,1.4,0,3.098,B,23.19,12-24m,0.7143,15.0,25,1,1
20210812_194340_68_1058,2021-08-12T19:43:40.689537Z,-125.31046,48.857434,11.5,15.7,15.7,0.98,1.37,0,5.357,B,22.99,12-24m,0.6975,11.5,14,1,1
20210626_182926_29_2457,2021-06-26T18:29:26.294082Z,-125.256786,48.829457,27.1,88.7,88.7,0.9797,3.27,1,2.317,B,22.89,>24m,0.5535,27.1,148,1,1
20210812_194340_68_1058,2021-08-12T19:43:40.689537Z,-125.22202,48.830025,36.5,67.4,67.4,0.9787,1.84,0,4.49,B,22.66,>24m,0.5153,36.5,141,1,1
20210626_182926_29_2457,2021-06-26T18:29:26.294082Z,-125.333928,48.85464,45.4,104.0,104.0,0.9779,2.29,0,6.076,B,22.47,>24m,0.4804,45.4,252,1,1
20230815_182609_80_24c8,2023-08-15T18:26:09.801073Z,-125.28216,48.807106,12.0,15.0,15.0,0.9776,1.25,0,0.839,B,22.39,12-24m,0.95,12.0,19,1,1
20250825_193929_84_251f,2025-08-25T19:39:29.847462Z,-125.236995,48.846108,27.1,40.6,40.6,0.9766,1.49,0,4.667,B,22.19,>24m,0.7436,27.1,91,1,1
20230714_182421_54_24b6,2023-07-14T18:24:21.547996Z,-125.22871,48.787118,13.6,15.7,15.7,0.9764,1.16,0,4.725,B,22.14,12-24m,0.757,13.6,18,1,1
20210626_182926_29_2457,2021-06-26T18:29:26.294082Z,-125.234519,48.789592,24.6,78.5,78.5,0.976,3.19,1,4.222,B,22.05,>24m,0.5259,24.6,113,1,1
20240801_192823_14_24ee,2024-08-01T19:28:23.145363Z,-125.310644,48.853492,13.7,16.4,16.4,0.9759,1.2,0,4.974,B,22.03,12-24m,0.7186,13.7,18,1,1
20240713_184228_20_2415,2024-07-13T18:42:28.200124Z,-125.238007,48.815209,12.4,13.7,13.7,0.9758,1.11,0,2.96,B,22.02,12-24m,0.7404,12.4,14,1,1
20210812_191832_32_2406,2021-08-12T19:18:32.325059Z,-125.3191,48.799798,5.1,7.2,7.2,0.9757,1.41,0,3.399,B,22.0,0-12m,0.7279,5.1,3,1,1
20230606_182515_18_245c,2023-06-06T18:25:15.188284Z,-125.343355,48.840481,27.1,56.7,56.7,0.9757,2.09,0,5.601,B,21.98,>24m,0.7254,27.1,124,1,1
20210812_191832_32_2406,2021-08-12T19:18:32.325059Z,-125.260628,48.828512,38.8,96.0,96.0,0.9755,2.48,0,2.053,B,21.95,>24m,0.6384,38.8,264,1,1
20210812_191832_32_2406,2021-08-12T19:18:32.325059Z,-125.221284,48.835533,80.8,90.2,90.2,0.9752,1.12,0,4.811,B,21.9,>24m,0.5346,80.8,433,1,1
20210812_191832_32_2406,2021-08-12T19:18:32.325059Z,-125.234988,48.829984,30.0,33.0,33.0,0.9752,1.1,0,3.631,B,21.9,>24m,0.6636,30.0,73,1,1
20240713_184228_20_2415,2024-07-13T18:42:28.200124Z,-125.227529,48.82592,13.7,15.1,15.1,0.9751,1.1,0,3.948,B,21.87,12-24m,0.6521,13.7,15,1,1
20230815_182609_80_24c8,2023-08-15T18:26:09.801073Z,-125.338272,48.836534,46.8,92.9,92.9,0.975,1.98,0,5.057,B,21.85,>24m,0.5397,46.8,261,1,1
20210812_191832_32_2406,2021-08-12T19:18:32.325059Z,-125.313355,48.819345,26.3,28.5,28.5,0.975,1.08,0,2.639,B,21.84,>24m,0.6726,26.3,56,1,1
20230815_182609_80_24c8,2023-08-15T18:26:09.801073Z,-125.327569,48.835615,31.8,83.2,83.2,0.9748,2.62,1,4.333,B,21.81,>24m,0.5511,31.8,162,1,1
20230815_182609_80_24c8,2023-08-15T18:26:09.801073Z,-125.31904,48.829392,16.1,37.9,37.9,0.9746,2.36,0,3.437,B,21.76,>24m,0.6339,16.1,43,1,1
20210626_182926_29_2457,2021-06-26T18:29:26.294082Z,-125.321318,48.847919,12.0,18.0,18.0,0.9745,1.5,0,4.904,B,21.75,12-24m,0.875,12.0,21,1,1
20230815_182609_80_24c8,2023-08-15T18:26:09.801073Z,-125.315648,48.837125,19.3,40.0,40.0,0.9741,2.07,0,3.746,B,21.67,>24m,0.6422,19.3,55,1,1
20210626_182926_29_2457,2021-06-26T18:29:26.294082Z,-125.322113,48.84558,13.6,17.8,17.8,0.9739,1.31,0,4.747,B,21.63,12-24m,0.7411,13.6,20,1,1
20230815_182609_80_24c8,2023-08-15T18:26:09.801073Z,-125.221229,48.775938,9.0,12.0,12.0,0.9732,1.33,0,5.973,B,21.49,12-24m,0.8333,9.0,10,1,1
20220816_182157_60_2457,2022-08-16T18:21:57.609790Z,-125.33484,48.84845,15.0,21.0,21.0,0.973,1.4,0,5.635,B,21.46,12-24m,0.6571,15.0,23,1,1
20210824_181728_61_1067,2021-08-24T18:17:28.610209Z,-125.33578,48.835667,21.4,56.4,56.4,0.9728,2.63,1,4.851,B,21.42,>24m,0.6397,21.4,86,1,1
20210626_182926_29_2457,2021-06-26T18:29:26.294082Z,-125.227688,48.844901,17.8,26.3,26.3,0.9719,1.48,0,5.045,B,21.25,>24m,0.7276,17.8,38,1,1
20230815_182609_80_24c8,2023-08-15T18:26:09.801073Z,-125.312733,48.854855,25.8,33.9,33.9,0.9717,1.31,0,5.181,B,21.22,>24m,0.7416,25.8,72,1,1
20210812_191832_32_2406,2021-08-12T19:18:32.325059Z,-125.299016,48.857357,5.1,7.2,7.2,0.9714,1.41,0,5.035,B,21.17,0-12m,0.7279,5.1,3,1,1
20220816_182157_60_2457,2022-08-16T18:21:57.609790Z,-125.304454,48.854882,22.2,77.5,77.5,0.9714,3.49,1,4.915,B,21.16,>24m,0.5599,22.2,107,1,1
20210626_182926_29_2457,2021-06-26T18:29:26.294082Z,-125.311252,48.856147,15.0,18.0,18.0,0.9704,1.2,0,5.256,B,20.99,12-24m,0.7667,15.0,23,1,1
20210812_191832_32_2406,2021-08-12T19:18:32.325059Z,-125.254195,48.825537,34.2,37.2,37.2,0.9702,1.09,0,2.172,B,20.96,>24m,0.7499,34.2,106,1,1
20210812_194340_68_1058,2021-08-12T19:43:40.689537Z,-125.22951,48.814978,32.3,71.0,71.0,0.9701,2.2,0,3.583,B,20.94,>24m,0.4672,32.3,119,1,1
20230815_182609_80_24c8,2023-08-15T18:26:09.801073Z,-125.318506,48.830693,15.0,21.0,21.0,0.9699,1.4,0,3.477,B,20.91,12-24m,0.8,15.0,28,1,1
20250808_194820_59_2539,2025-08-08T19:48:20.590007Z,-125.251327,48.833685,26.4,52.2,52.2,0.9699,1.97,0,2.935,B,20.91,>24m,0.7441,26.4,114,1,1
20230815_182609_80_24c8,2023-08-15T18:26:09.801073Z,-125.251496,48.853302,13.6,20.0,20.0,0.9694,1.47,0,4.772,B,20.82,12-24m,0.7618,13.6,23,1,1
20210616_183111_05_2448,2021-06-16T18:31:11.057048Z,-125.226095,48.795665,44.0,89.9,89.9,0.9691,2.04,0,4.352,B,20.77,>24m,0.5735,44.0,252,1,1
20210812_194340_68_1058,2021-08-12T19:43:40.689537Z,-125.237862,48.824615,16.9,41.1,41.1,0.9688,2.43,0,3.186,B,20.72,>24m,0.5967,16.9,46,1,1
20240827_194346_64_2461,2024-08-27T19:43:46.643869Z,-125.269971,48.82546,11.5,26.3,26.3,0.9688,2.29,0,1.393,B,20.72,>24m,0.5951,11.5,20,1,1
20210626_182926_29_2457,2021-06-26T18:29:26.294082Z,-125.319507,48.850104,12.0,15.0,15.0,0.9686,1.25,0,5.01,B,20.7,12-24m,0.8,12.0,16,1,1
20210626_182926_29_2457,2021-06-26T18:29:26.294082Z,-125.222876,48.783168,18.4,40.6,40.6,0.9686,2.2,0,5.336,B,20.7,>24m,0.6372,18.4,53,1,1
20210616_183111_05_2448,2021-06-16T18:31:11.057048Z,-125.323257,48.853452,27.5,50.8,50.8,0.9679,1.85,0,5.473,B,20.57,>24m,0.5418,27.5,84,1,1
20210824_181728_61_1067,2021-08-24T18:17:28.610209Z,-125.313527,48.854086,11.5,11.5,11.5,0.9677,1.0,0,5.135,B,20.54,0-12m,0.6823,11.5,10,1,1
20250825_193929_84_251f,2025-08-25T19:39:29.847462Z,-125.345306,48.844699,24.0,42.0,42.0,0.9672,1.75,0,5.977,B,20.48,>24m,0.7411,24.0,83,1,1
20250825_193929_84_251f,2025-08-25T19:39:29.847462Z,-125.219009,48.828156,73.9,105.1,105.1,0.9672,1.42,0,4.621,B,20.48,>24m,0.577,73.9,498,1,1
20230719_182055_22_2449,2023-07-19T18:20:55.227898Z,-125.327207,48.804715,12.0,15.0,15.0,0.9671,1.25,0,3.746,B,20.46,12-24m,0.85,12.0,17,1,1
20210626_182926_29_2457,2021-06-26T18:29:26.294082Z,-125.232935,48.821098,21.0,21.0,21.0,0.967,1.0,0,3.417,B,20.45,12-24m,0.7347,21.0,36,1,1
20210812_194340_68_1058,2021-08-12T19:43:40.689537Z,-125.22008,48.834106,9.0,12.0,12.0,0.9671,1.33,0,4.813,B,20.45,12-24m,1.0,9.0,12,1,1
20240827_194346_64_2461,2024-08-27T19:43:46.643869Z,-125.274345,48.82984,4.3,9.7,9.7,0.9666,2.24,0,1.763,B,20.38,0-12m,0.6406,4.3,3,1,1
20210601_191849_05_2412,2021-06-01T19:18:49.050614Z,-125.338224,48.848716,43.2,64.2,64.2,0.9659,1.49,0,5.84,B,20.27,>24m,0.6681,43.2,206,1,1
20210812_194340_68_1058,2021-08-12T19:43:40.689537Z,-125.342263,48.851158,23.7,62.6,62.6,0.9658,2.64,1,6.242,B,20.26,>24m,0.5107,23.7,84,1,1
20230714_182421_54_24b6,2023-07-14T18:24:21.547996Z,-125.302005,48.855179,11.5,11.5,11.5,0.9656,1.0,0,4.879,B,20.23,0-12m,0.7505,11.5,11,1,1
20240827_194346_64_2461,2024-08-27T19:43:46.643869Z,-125.30928,48.78863,12.0,15.0,15.0,0.9656,1.25,0,3.643,B,20.23,12-24m,0.75,12.0,15,1,1
20240827_194346_64_2461,2024-08-27T19:43:46.643869Z,-125.278291,48.826953,12.0,18.0,18.0,0.9647,1.5,0,1.418,B,20.09,12-24m,0.9167,12.0,22,1,1
20210601_191849_05_2412,2021-06-01T19:18:49.050614Z,-125.242092,48.824599,56.5,96.6,96.6,0.9643,1.71,0,2.898,B,20.04,>24m,0.4944,56.5,300,1,1
20240713_184228_20_2415,2024-07-13T18:42:28.200124Z,-125.340289,48.848102,13.6,17.8,17.8,0.9643,1.31,0,5.911,B,20.04,12-24m,0.7411,13.6,20,1,1
